Product Name,Prices,Description,Reviews
"OnePlus Nord CE 3 Lite 5G (Pastel Lime, 128 GB)","₹16,888",8 GB RAM | 128 GB ROM17.07 cm (6.72 inch) Display108MP Rear Camera5000 mAh BatteryDomestic Warranty of 12 months on phone & 6 months on accessories,4.4
"Apple iPhone 15 (Pink, 128 GB)","₹66,699","128 GB ROM15.49 cm (6.1 inch) Super Retina XDR Display48MP + 12MP | 12MP Front CameraA16 Bionic Chip, 6 Core Processor Processor1 Year Warranty for Phone and 6 Months Warranty for In-Box Accessories",4.6
"OPPO K12x 5G with 45W SUPERVOOC Charger In-The-Box (Midnight Voilet, 128 GB)","₹12,999",6 GB RAM | 128 GB ROM | Expandable Upto 1 TB16.94 cm (6.67 inch) HD Display32MP + 2MP | 8MP Front Camera5100 mAh BatteryDimensity 6300 Processor1 Year Manufacturer Warranty for Device and 6 Months Manufacturer Warranty for Inbox Accessories,4.2
"Motorola G34 5G (Charcoal Black, 128 GB)","₹10,999",4 GB RAM | 128 GB ROM16.51 cm (6.5 inch) HD+ Display50MP + 2MP | 16MP Front Camera5000 mAh BatterySnapdragon 695 5G Processor1 Year on Handset and 6 Months on Accessories,4.4
"realme 12x 5G (Woodland Green, 128 GB)","₹14,999",8 GB RAM | 128 GB ROM | Expandable Upto 2 TB17.07 cm (6.72 inch) Full HD+ Display50MP + 2MP | 8MP Front Camera5000 mAh BatteryDimensity 6100+ Processor1 Year Manufacturer Warranty for Device and 6 Months Manufacturer Warranty for Inbox Accessories,4.4
"realme 12x 5G (Twilight Purple, 128 GB)","₹14,999",8 GB RAM | 128 GB ROM | Expandable Upto 2 TB17.07 cm (6.72 inch) Full HD+ Display50MP + 2MP | 8MP Front Camera5000 mAh BatteryDimensity 6100+ Processor1 Year Manufacturer Warranty for Device and 6 Months Manufacturer Warranty for Inbox Accessories,4.4
"OnePlus Nord CE 3 Lite 5G (Pastel Lime, 256 GB)","₹18,322",8 GB RAM | 256 GB ROM17.07 cm (6.72 inch) Display108MP Rear Camera5000 mAh BatteryDomestic Warranty of 12 months on phone & 6 months on accessories,4.4
"realme 12x 5G (Woodland Green, 128 GB)","₹12,999",6 GB RAM | 128 GB ROM | Expandable Upto 2 TB17.07 cm (6.72 inch) Full HD+ Display50MP + 2MP | 8MP Front Camera5000 mAh BatteryDimensity 6100+ Processor1 Year Manufacturer Warranty for Device and 6 Months Manufacturer Warranty for Inbox Accessories,4.5
"Motorola Edge 50 Fusion (Forest Blue, 128 GB)","₹22,999",8 GB RAM | 128 GB ROM17.02 cm (6.7 inch) Full HD+ Display50MP + 13MP | 32MP Front Camera5000 mAh Battery7s Gen 2 Processor1 Year on Handset and 6 Months on Accessories,4.6
"Apple iPhone 15 (Black, 128 GB)","₹66,199","128 GB ROM15.49 cm (6.1 inch) Super Retina XDR Display48MP + 12MP | 12MP Front CameraA16 Bionic Chip, 6 Core Processor Processor1 Year Warranty for Phone and 6 Months Warranty for In-Box Accessories",4.4
"vivo T3 Lite 5G (Vibrant Green, 128 GB)","₹10,499",4 GB RAM | 128 GB ROM | Expandable Upto 1 TB16.66 cm (6.56 inch) Display50MP + 2MP | 8MP Front Camera5000 mAh BatteryDimensity 6300 Processor1 Year Manufacturer Warranty for Device and 6 Months Manufacturer Warranty for Inbox Accessories,4.4
"vivo T3 Lite 5G (Majestic Black, 128 GB)","₹10,499",4 GB RAM | 128 GB ROM | Expandable Upto 1 TB16.66 cm (6.56 inch) Display50MP + 2MP | 8MP Front Camera5000 mAh BatteryDimensity 6300 Processor1 Year Manufacturer Warranty for Device and 6 Months Manufacturer Warranty for Inbox Accessories,4.2
"Motorola G34 5G (Charcoal Black, 128 GB)","₹11,999",8 GB RAM | 128 GB ROM16.51 cm (6.5 inch) HD+ Display50MP + 2MP | 16MP Front Camera5000 mAh BatterySnapdragon 695 5G Processor1 Year on Handset and 6 Months on Accessories,4.4
"realme 12x 5G (Twilight Purple, 128 GB)","₹12,999",6 GB RAM | 128 GB ROM | Expandable Upto 2 TB17.07 cm (6.72 inch) Full HD+ Display50MP + 2MP | 8MP Front Camera5000 mAh BatteryDimensity 6100+ Processor1 Year Manufacturer Warranty for Device and 6 Months Manufacturer Warranty for Inbox Accessories,4.3
"realme P1 5G (Peacock Green, 128 GB)","₹16,999",8 GB RAM | 128 GB ROM | Expandable Upto 2 TB16.94 cm (6.67 inch) Full HD+ Display50MP + 2MP | 16MP Front Camera5000 mAh BatteryDimensity 7050 Processor1 Year Manufacturer Warranty for Device and 6 Months Manufacturer Warranty for Inbox Accessories,4.3
"SAMSUNG Galaxy S23 FE (Mint, 128 GB)","₹39,999",8 GB RAM | 128 GB ROM16.26 cm (6.4 inch) Full HD+ Display50MP + 12MP | 10MP Front Camera4500 mAh BatterySamsung Exynos 2200 Processor1 Year Manufacturer Warranty for Device and 6 Months for In-Box Accessories,4.6
"Apple iPhone 15 (Blue, 128 GB)","₹66,199","128 GB ROM15.49 cm (6.1 inch) Super Retina XDR Display48MP + 12MP | 12MP Front CameraA16 Bionic Chip, 6 Core Processor Processor1 Year Warranty for Phone and 6 Months Warranty for In-Box Accessories",4.2
"REDMI 12 (Moonstone Silver, 128 GB)","₹10,952",6 GB RAM | 128 GB ROM | Expandable Upto 1 TB17.25 cm (6.79 inch) Full HD+ Display50MP + 8MP + 2MP | 8MP Front Camera5000 mAh BatteryHelio G88 Processor1 Year Manufacturer Warranty for Phone and 6 Months Warranty for in the Box Accessories,4.2
"Motorola g64 5G (Pearl Blue, 256 GB)","₹16,999",12 GB RAM | 256 GB ROM | Expandable Upto 1 TB16.51 cm (6.5 inch) Full HD+ Display50MP (OIS) + 8MP | 16MP Front Camera6000 mAh BatteryDimensity 7025 Processor1 Year on Handset and 6 Months on Accessories,4.3
"realme P1 5G (Phoenix Red, 128 GB)","₹16,999",8 GB RAM | 128 GB ROM | Expandable Upto 2 TB16.94 cm (6.67 inch) Full HD+ Display50MP + 2MP | 16MP Front Camera5000 mAh BatteryDimensity 7050 Processor1 Year Manufacturer Warranty for Device and 6 Months Manufacturer Warranty for Inbox Accessories,4.3
"realme P1 5G (Peacock Green, 256 GB)","₹18,999",8 GB RAM | 256 GB ROM | Expandable Upto 2 TB16.94 cm (6.67 inch) Full HD+ Display50MP + 2MP | 16MP Front Camera5000 mAh BatteryDimensity 7050 Processor1 Year Manufacturer Warranty for Device and 6 Months Manufacturer Warranty for Inbox Accessories,4.3
"realme P1 5G (Phoenix Red, 256 GB)","₹18,999",8 GB RAM | 256 GB ROM | Expandable Upto 2 TB16.94 cm (6.67 inch) Full HD+ Display50MP + 2MP | 16MP Front Camera5000 mAh BatteryDimensity 7050 Processor1 Year Manufacturer Warranty for Device and 6 Months Manufacturer Warranty for Inbox Accessories,4.3
"SAMSUNG Galaxy S23 FE (Graphite, 128 GB)","₹39,999",8 GB RAM | 128 GB ROM16.26 cm (6.4 inch) Full HD+ Display50MP + 12MP | 10MP Front Camera4500 mAh BatterySamsung Exynos 2200 Processor1 Year Manufacturer Warranty for Device and 6 Months for In-Box Accessories,4.1
"vivo T2 Pro 5G (Dune Gold, 128 GB)","₹22,999",8 GB RAM | 128 GB ROM17.22 cm (6.78 inch) Full HD+ Display64MP + 2MP | 16MP Front Camera4600 mAh BatteryDimensity 7200 Processor1 Year Manufacturer Warranty for Phone and 6 Months Warranty for In the Box Accessories,4.5
"CMF by Nothing Phone 1 (Blue, 128 GB)","₹17,999",8 GB RAM | 128 GB ROM | Expandable Upto 2 TB16.94 cm (6.67 inch) Full HD+ Display50MP + 2MP | 16MP Front Camera5000 mAh BatteryDimensity 7300 5G Processor1 Year Manufacturing Warranty,4.3
"Google Pixel 7 Pro (Snow, 128 GB)","₹43,999",12 GB RAM | 128 GB ROM17.02 cm (6.7 inch) Quad HD+ Display50MP + 48MP + 12MP | 10.8MP Front Camera4926 mAh BatteryGoogle Tensor G2 Processor1 Year Domestic Warranty,4.3
"POCO M6 5G (Polaris Green, 256 GB)","₹11,499",8 GB RAM | 256 GB ROM | Expandable Upto 1 TB17.12 cm (6.74 inch) HD+ Display50MP Rear Camera | 5MP Front Camera5000 mAh BatteryMediatek Dimensity 6100+ Processor1 Year Manufacturer Warranty for Phone and 6 Months Warranty for In the Box Accessories,4.2
"OPPO K12x 5G with 45W SUPERVOOC Charger In-The-Box (Midnight Voilet, 128 GB)","₹12,999",6 GB RAM | 128 GB ROM | Expandable Upto 1 TB16.94 cm (6.67 inch) HD Display32MP + 2MP | 8MP Front Camera5100 mAh BatteryDimensity 6300 Processor1 Year Manufacturer Warranty for Device and 6 Months Manufacturer Warranty for Inbox Accessories,4.4
"CMF by Nothing Phone 1 (Black, 128 GB)","₹15,999",6 GB RAM | 128 GB ROM | Expandable Upto 2 TB16.94 cm (6.67 inch) Full HD+ Display50MP + 2MP | 16MP Front Camera5000 mAh BatteryDimensity 7300 5G Processor1 Year Manufacturing Warranty,4.2
"SAMSUNG Galaxy F15 5G (Groovy Violet, 128 GB)","₹14,499",6 GB RAM | 128 GB ROM | Expandable Upto 1 TB16.51 cm (6.5 inch) Full HD+ Display50MP + 5MP + 2MP | 13MP Front Camera6000 mAh Lithium ion BatteryMediaTek Dimensity 6100+ Processor1 Year Manufacturer Warranty for Device and 6 Months Manufacturer Warranty for In-Box Accessories,4.4
"CMF by Nothing Phone 1 (Light Green, 128 GB)","₹15,999",6 GB RAM | 128 GB ROM | Expandable Upto 2 TB16.94 cm (6.67 inch) Full HD+ Display50MP + 2MP | 16MP Front Camera5000 mAh BatteryDimensity 7300 5G Processor1 Year Manufacturing Warranty,4.3
"Google Pixel 7 Pro (Obsidian, 128 GB)","₹43,999",12 GB RAM | 128 GB ROM17.02 cm (6.7 inch) Quad HD+ Display50MP + 48MP + 12MP | 10.8MP Front Camera4926 mAh BatteryGoogle Tensor G2 Processor1 Year Domestic Warranty,4.4
"Motorola Edge 50 Pro 5G with 68W Charger (Black Beauty, 256 GB)","₹31,999",8 GB RAM | 256 GB ROM17.02 cm (6.7 inch) Display50MP + 13MP + 10MP | 50MP Front Camera4500 mAh Battery7 Gen 3 Mobile Platform Processor1 Year on Handset and 6 Months on Accessories,4.5
"Motorola G85 5G (Olive Green, 256 GB)","₹19,999",12 GB RAM | 256 GB ROM16.94 cm (6.67 inch) Full HD+ Display50MP + 8MP | 32MP Front Camera5000 mAh Battery6s Gen 3 Processor1 Year on Handset and 6 Months on Accessories,4.3
"REDMI 13 5G (Black Diamond, 128 GB)","₹13,890",6 GB RAM | 128 GB ROM17.25 cm (6.79 inch) Full HD+ Display108MP Rear Camera5030 mAh BatteryQualcomm SM4450 Snapdragon 4 Gen 2 AE (4 nm) Processor1 year manufacture warranty,4.5
"Motorola G85 5G (Urban Grey, 128 GB)","₹17,999",8 GB RAM | 128 GB ROM16.94 cm (6.67 inch) Full HD+ Display50MP + 8MP | 32MP Front Camera5000 mAh Battery6s Gen 3 Processor1 Year on Handset and 6 Months on Accessories,4.2
"REDMI 12 5G (Jade Black, 256 GB)","₹13,999",8 GB RAM | 256 GB ROM | Expandable Upto 1 TB17.25 cm (6.79 inch) Full HD+ Display50MP + 2MP | 8MP Front Camera5000 mAh BatterySnapdragon 4 Gen 2 Processor1 Year Manufacturer Warranty for Phone and 6 Months Warranty for In the Box Accessories,4.1
"POCO X6 Neo 5G (Martian Orange, 256 GB)","₹15,999",12 GB RAM | 256 GB ROM | Expandable Upto 1 TB16.94 cm (6.67 inch) Full HD+ Display108MP + 2MP | 16MP Front Camera5000 mAh BatteryDimensity 6080 Processor1 Year Manufacturer Warranty for Phone and 6 Months Warranty for In the Box Accessories,4.2
"REDMI 12 5G (Pastel Blue, 256 GB)","₹13,999",8 GB RAM | 256 GB ROM | Expandable Upto 1 TB17.25 cm (6.79 inch) Full HD+ Display50MP + 2MP | 8MP Front Camera5000 mAh BatterySnapdragon 4 Gen 2 Processor1 Year Manufacturer Warranty for Phone and 6 Months Warranty for In the Box Accessories,4.2
"Motorola g64 5G (Ice Lilac, 128 GB)","₹14,999",8 GB RAM | 128 GB ROM | Expandable Upto 1 TB16.51 cm (6.5 inch) Full HD+ Display50MP (OIS) + 8MP | 16MP Front Camera6000 mAh BatteryDimensity 7025 Processor1 Year on Handset and 6 Months on Accessories,4.4
"realme C65 5G (Feather Green, 128 GB)","₹12,499",6 GB RAM | 128 GB ROM | Expandable Upto 2 TB16.94 cm (6.67 inch) HD+ Display50MP Rear Camera | 8MP Front Camera5000 mAh BatteryDimensity 6300 Processor1 Year Manufacturer Warranty for Device and 6 Months Manufacturer Warranty for Inbox Accessories,4.3
"SAMSUNG Galaxy S23 FE (Purple, 128 GB)","₹39,999",8 GB RAM | 128 GB ROM16.26 cm (6.4 inch) Full HD+ Display50MP + 12MP | 10MP Front Camera4500 mAh BatterySamsung Exynos 2200 Processor1 Year Manufacturer Warranty for Device and 6 Months for In-Box Accessories,4.5
"Motorola G85 5G (Cobalt Blue, 128 GB)","₹17,999",8 GB RAM | 128 GB ROM16.94 cm (6.67 inch) Full HD+ Display50MP + 8MP | 32MP Front Camera5000 mAh Battery6s Gen 3 Processor1 Year on Handset and 6 Months on Accessories,4.2
"SAMSUNG Galaxy F15 5G (Groovy Violet, 128 GB)","₹12,999",4 GB RAM | 128 GB ROM | Expandable Upto 1 TB16.51 cm (6.5 inch) Full HD+ Display50MP + 5MP + 2MP | 13MP Front Camera6000 mAh Lithium ion BatteryMediaTek Dimensity 6100+ Processor1 Year Manufacturer Warranty for Device and 6 Months Manufacturer Warranty for In-Box Accessories,4.3
"REDMI Note 13 Pro 5G (Arctic White, 128 GB)","₹21,906",8 GB RAM | 128 GB ROM16.94 cm (6.67 inch) Display200MP (OIS) + 8MP + 2MP | 16MP Front Camera5100 mAh Battery7s Gen 2 Mobile Platform 5G Processor1 Year Manufacturer Warranty for Phone and 6 Months Warranty for In the Box Accessories,4.4
"realme P1 Pro 5G (Parrot Blue, 128 GB)","₹19,999",8 GB RAM | 128 GB ROM17.02 cm (6.7 inch) Full HD+ Display50MP + 8MP | 16MP Front Camera5000 mAh Battery6 Gen 1 Processor1 Year Manufacturer Warranty for Device and 6 Months Manufacturer Warranty for Inbox Accessories,4.4
"realme 13 Pro+ 5G (Monet Gold, 256 GB)","₹32,999",8 GB RAM | 256 GB ROM17.02 cm (6.7 inch) Full HD+ Display50MP + 8MP + 50MP | 32MP Front Camera5200 mAh BatterySnapdragon 7s Gen2 Processor1 Year Manufacturer Warranty for Device and 6 Months Manufacturer Warranty for Inbox Accessories,4.7
"OPPO K12x 5G with 45W SUPERVOOC Charger In-The-Box (Midnight Voilet, 128 GB)","₹12,999",6 GB RAM | 128 GB ROM | Expandable Upto 1 TB16.94 cm (6.67 inch) HD Display32MP + 2MP | 8MP Front Camera5100 mAh BatteryDimensity 6300 Processor1 Year Manufacturer Warranty for Device and 6 Months Manufacturer Warranty for Inbox Accessories,4.4
"realme C65 5G (Glowing Black, 128 GB)","₹12,499",6 GB RAM | 128 GB ROM | Expandable Upto 2 TB16.94 cm (6.67 inch) HD+ Display50MP Rear Camera | 8MP Front Camera5000 mAh BatteryDimensity 6300 Processor1 Year Manufacturer Warranty for Device and 6 Months Manufacturer Warranty for Inbox Accessories,4.2
"POCO M6 5G (Galactic Black, 256 GB)","₹11,499",8 GB RAM | 256 GB ROM | Expandable Upto 1 TB17.12 cm (6.74 inch) HD+ Display50MP Rear Camera | 5MP Front Camera5000 mAh BatteryMediatek Dimensity 6100+ Processor1 Year Manufacturer Warranty for Phone and 6 Months Warranty for In the Box Accessories,4.3
"REDMI Note 13 Pro 5G (Midnight Black, 128 GB)","₹21,929",8 GB RAM | 128 GB ROM16.94 cm (6.67 inch) Display200MP (OIS) + 8MP + 2MP | 16MP Front Camera5100 mAh Battery7s Gen 2 Mobile Platform 5G Processor1 Year Manufacturer Warranty for Phone and 6 Months Warranty for In the Box Accessories,4.4
"Nothing Phone (2) (Dark Grey, 256 GB)","₹36,999",12 GB RAM | 256 GB ROM17.02 cm (6.7 inch) Full HD+ Display50 MP(OIS) +50MP | 32MP Front Camera4700 mAh Lithium ion BatteryQualcomm Snapdragon 8+ Gen 1 ProcessorLTPO AMOLED (1 Hz - 120 Hz)1 Year Manufacturing Warranty,4.4
"Nothing Phone (2) (White, 256 GB)","₹34,999",12 GB RAM | 256 GB ROM17.02 cm (6.7 inch) Full HD+ Display50 MP(OIS) +50MP | 32MP Front Camera4700 mAh Lithium ion BatteryQualcomm Snapdragon 8+ Gen 1 ProcessorLTPO AMOLED (1 Hz - 120 Hz)1 Year Manufacturing Warranty,4.4
"realme P1 Pro 5G (Phoenix Red, 256 GB)","₹20,999",8 GB RAM | 256 GB ROM17.02 cm (6.7 inch) Full HD+ Display50MP + 8MP | 16MP Front Camera5000 mAh Battery6 Gen 1 Processor1 Year Manufacturer Warranty for Device and 6 Months Manufacturer Warranty for Inbox Accessories,4.1
"POCO X6 Neo 5G (Horizon Blue, 256 GB)","₹15,999",12 GB RAM | 256 GB ROM | Expandable Upto 1 TB16.94 cm (6.67 inch) Full HD+ Display108MP + 2MP | 16MP Front Camera5000 mAh BatteryDimensity 6080 Processor1 Year Manufacturer Warranty for Phone and 6 Months Warranty for In the Box Accessories,4.4
"realme P1 Pro 5G (Phoenix Red, 128 GB)","₹19,999",8 GB RAM | 128 GB ROM17.02 cm (6.7 inch) Full HD+ Display50MP + 8MP | 16MP Front Camera5000 mAh Battery6 Gen 1 Processor1 Year Manufacturer Warranty for Device and 6 Months Manufacturer Warranty for Inbox Accessories,4.2
"SAMSUNG Galaxy F15 5G (Ash Black, 128 GB)","₹14,499",6 GB RAM | 128 GB ROM | Expandable Upto 1 TB16.51 cm (6.5 inch) Full HD+ Display50MP + 5MP + 2MP | 13MP Front Camera6000 mAh Lithium ion BatteryMediaTek Dimensity 6100+ Processor1 Year Manufacturer Warranty for Device and 6 Months Manufacturer Warranty for In-Box Accessories,4.3
"REDMI 13c 5G (Startrail Green, 128 GB)","₹10,430",4 GB RAM | 128 GB ROM17.12 cm (6.74 inch) Display50MP Rear Camera5000 mAh Battery1 Year,4.2
"REDMI 13c 5G (Starlight Black, 256 GB)","₹13,430",8 GB RAM | 256 GB ROM17.12 cm (6.74 inch) Display50MP Rear Camera5000 mAh Battery1 Year,4.2
"REDMI 13c 5G (Startrail Silver, 128 GB)","₹11,495",6 GB RAM | 128 GB ROM17.12 cm (6.74 inch) Display50MP Rear Camera5000 mAh Battery1 Year,4.2
"SAMSUNG Galaxy F15 5G (Ash Black, 128 GB)","₹12,999",4 GB RAM | 128 GB ROM | Expandable Upto 1 TB16.51 cm (6.5 inch) Full HD+ Display50MP + 5MP + 2MP | 13MP Front Camera6000 mAh Lithium ion BatteryMediaTek Dimensity 6100+ Processor1 Year Manufacturer Warranty for Device and 6 Months Manufacturer Warranty for In-Box Accessories,4.3
"Infinix GT 20 Pro (Mecha Orange, 256 GB)","₹23,999",8 GB RAM | 256 GB ROM17.22 cm (6.78 inch) Full HD+ Display108MP (OIS) + 2MP + 2MP | 32MP Front Camera5000 mAh BatteryDimensity 8200 Ultimate Processor1 Year Warranty,4.3
"Infinix GT 20 Pro (Mecha Silver, 256 GB)","₹23,999",8 GB RAM | 256 GB ROM17.22 cm (6.78 inch) Full HD+ Display108MP (OIS) + 2MP + 2MP | 32MP Front Camera5000 mAh BatteryDimensity 8200 Ultimate Processor1 Year Warranty,4.3
"Infinix GT 20 Pro (Mecha Blue, 256 GB)","₹23,999",8 GB RAM | 256 GB ROM17.22 cm (6.78 inch) Full HD+ Display108MP (OIS) + 2MP + 2MP | 32MP Front Camera5000 mAh BatteryDimensity 8200 Ultimate Processor1 Year Warranty,4.4
"realme P1 Pro 5G (Phoenix Red, 256 GB)","₹21,999",12 GB RAM | 256 GB ROM17.02 cm (6.7 inch) Full HD+ Display50MP + 8MP | 16MP Front Camera5000 mAh Battery6 Gen 1 Processor1 Year Manufacturer Warranty for Device and 6 Months Manufacturer Warranty for Inbox Accessories,4.2
"REDMI 12 (Jade Black, 128 GB)","₹11,339",6 GB RAM | 128 GB ROM | Expandable Upto 1 TB17.25 cm (6.79 inch) Full HD+ Display50MP + 8MP + 2MP | 8MP Front Camera5000 mAh BatteryHelio G88 Processor1 Year Manufacturer Warranty for Phone and 6 Months Warranty for in the Box Accessories,4.2
"REDMI 13c 5G (Startrail Green, 128 GB)","₹11,399",6 GB RAM | 128 GB ROM17.12 cm (6.74 inch) Display50MP Rear Camera5000 mAh Battery1 Year,4.3
"POCO C65 (Pastel Blue, 128 GB)","₹10,998",4 GB RAM | 128 GB ROM | Expandable Upto 1 TB17.12 cm (6.74 inch) HD+ Display50MP + AI Lens + 2MP | 8MP Front Camera5000 mAh BatteryHelio G85 Processor1 Year Manufacturer Warranty for Phone and 6 Months Warranty for in the Box Accessories,4.2
"POCO C65 (Pastel Green, 256 GB)","₹10,999",8 GB RAM | 256 GB ROM | Expandable Upto 1 TB17.12 cm (6.74 inch) HD+ Display50MP + AI Lens + 2MP | 8MP Front Camera5000 mAh BatteryHelio G85 Processor1 Year Manufacturer Warranty for Phone and 6 Months Warranty for in the Box Accessories,4.4
"realme 12x 5G (Twilight Purple, 128 GB)","₹12,999",6 GB RAM | 128 GB ROM | Expandable Upto 2 TB17.07 cm (6.72 inch) Full HD+ Display50MP + 2MP | 8MP Front Camera5000 mAh BatteryDimensity 6100+ Processor1 Year Manufacturer Warranty for Device and 6 Months Manufacturer Warranty for Inbox Accessories,4.4
"realme 13 Pro+ 5G (Monet Gold, 256 GB)","₹32,999",8 GB RAM | 256 GB ROM17.02 cm (6.7 inch) Full HD+ Display50MP + 8MP + 50MP | 32MP Front Camera5200 mAh BatterySnapdragon 7s Gen2 Processor1 Year Manufacturer Warranty for Device and 6 Months Manufacturer Warranty for Inbox Accessories,4.7
"Infinix GT 20 Pro (Mecha Blue, 256 GB)","₹23,999",8 GB RAM | 256 GB ROM17.22 cm (6.78 inch) Full HD+ Display108MP (OIS) + 2MP + 2MP | 32MP Front Camera5000 mAh BatteryDimensity 8200 Ultimate Processor1 Year Warranty,4.3
"vivo T3 5G (Crystal Flake, 256 GB)","₹21,999",8 GB RAM | 256 GB ROM16.94 cm (6.67 inch) Full HD+ Display50MP + 2MP | 16MP Front Camera5000 mAh BatteryDimensity 7200 Processor1 Year Manufacturer Warranty for Device and 6 Months Manufacturer Warranty for Inbox Accessories,4.4
"Infinix GT 20 Pro (Mecha Orange, 256 GB)","₹23,999",8 GB RAM | 256 GB ROM17.22 cm (6.78 inch) Full HD+ Display108MP (OIS) + 2MP + 2MP | 32MP Front Camera5000 mAh BatteryDimensity 8200 Ultimate Processor1 Year Warranty,4.3
"realme C65 5G (Feather Green, 64 GB)","₹10,499",4 GB RAM | 64 GB ROM | Expandable Upto 2 TB16.94 cm (6.67 inch) HD+ Display50MP Rear Camera | 8MP Front Camera5000 mAh BatteryDimensity 6300 Processor1 Year Manufacturer Warranty for Device and 6 Months Manufacturer Warranty for Inbox Accessories,4.1
"OPPO K12x 5G with 45W SUPERVOOC Charger In-The-Box (Midnight Voilet, 128 GB)","₹12,999",6 GB RAM | 128 GB ROM | Expandable Upto 1 TB16.94 cm (6.67 inch) HD Display32MP + 2MP | 8MP Front Camera5100 mAh BatteryDimensity 6300 Processor1 Year Manufacturer Warranty for Device and 6 Months Manufacturer Warranty for Inbox Accessories,4.2
"SAMSUNG Galaxy M34 5G without charger (Midnight Blue, 128 GB)","₹14,404",6 GB RAM | 128 GB ROM16.51 cm (6.5 inch) Display50MP Rear Camera6000 mAh BatteryDomestic 1 Year of Device & 6 Months for In-Box Accessories,4.3
"Infinix GT 20 Pro (Mecha Blue, 256 GB)","₹25,999",12 GB RAM | 256 GB ROM17.22 cm (6.78 inch) Full HD+ Display108MP (OIS) + 2MP + 2MP | 32MP Front Camera5000 mAh BatteryDimensity 8200 Ultimate Processor1 Year Warranty,4.3
"Infinix GT 20 Pro (Mecha Orange, 256 GB)","₹25,999",12 GB RAM | 256 GB ROM17.22 cm (6.78 inch) Full HD+ Display108MP (OIS) + 2MP + 2MP | 32MP Front Camera5000 mAh BatteryDimensity 8200 Ultimate Processor1 Year Warranty,4.5
"OnePlus 12R (Cool Blue, 256 GB)","₹37,030","8 GB RAM | 256 GB ROM17.22 cm (6.78 inch) Display50MP Rear Camera5500 mAh Battery1 Year Warranty
1 year manufacturer warranty for device and 1 year manufacturer warranty for in-box accessories including batteries from the date of purchase",4.2
"realme NARZO 70X 5G (FOREST GREEN, 128 GB)","₹12,648",6 GB RAM | 128 GB ROM17.07 cm (6.72 inch) Display50MP Rear Camera | 8MP Front Camera5000 mAh BatteryDimensity 6100+ 5G Chipset Processor1 Year Domestic Warranty for Phone and 6 Months Warranty for In-Box Accessories,4.4
"vivo T3 5G (Crystal Flake, 128 GB)","₹19,999",8 GB RAM | 128 GB ROM16.94 cm (6.67 inch) Full HD+ Display50MP + 2MP | 16MP Front Camera5000 mAh BatteryDimensity 7200 Processor1 Year Manufacturer Warranty for Device and 6 Months Manufacturer Warranty for Inbox Accessories,4.3
"IQOO z9x (Tornado Green, 128 GB)","₹14,595",6 GB RAM | 128 GB ROM | Expandable Upto 1 TB17.07 cm (6.72 inch) Full HD+ Display50MP + 2MP | 8MP Front Camera6000 mAh BatteryQualcomm SM6450 Snapdragon 6 Gen 1 Processor1 Year on Handset and 6 Months on Accessories,4.2
"POCO M6 5G (Orion Blue, 256 GB)","₹11,499",8 GB RAM | 256 GB ROM | Expandable Upto 1 TB17.12 cm (6.74 inch) HD+ Display50MP Rear Camera | 5MP Front Camera5000 mAh BatteryMediatek Dimensity 6100+ Processor1 Year Manufacturer Warranty for Phone and 6 Months Warranty for In the Box Accessories,4.1
"IQOO Z9x (Storm Grey, 128 GB)","₹13,200","4 GB RAM | 128 GB ROM17.07 cm (6.72 inch) Display50MP Rear Camera6000 mAh BatteryOcta core (2.2 GHz, Quad core, Cortex A78 + 1.8 GHz, Quad core, Cortex A55) Processor1 Year Manufacturer Warranty",4.5
"SAMSUNG Galaxy S23 5G (Phantom Black, 128 GB)","₹48,999",8 GB RAM | 128 GB ROM15.49 cm (6.1 inch) Full HD+ Display50MP + 10MP + 12MP | 12MP Front Camera3900 mAh Lithium Ion BatteryQualcomm Snapdragon 8 Gen 2 Processor1 Year Manufacturer Warranty for Device and 6 Months Manufacturer Warranty for In-Box Accessories,4.1
"REDMI Note 13 5G (Stealth Black, 256 GB)","₹17,486",8 GB RAM | 256 GB ROM16.94 cm (6.67 inch) Display108MP Rear Camera5000 mAh Battery1 Year Brand Warranty,4.2
"SAMSUNG Galaxy M34 5G without charger (Prism Silver, 128 GB)","₹14,790",6 GB RAM | 128 GB ROM16.51 cm (6.5 inch) Display50MP Rear Camera6000 mAh BatteryDomestic 1 Year of Device & 6 Months for In-Box Accessories,4.3
"realme 12+ 5G (Pioneer Green, 128 GB)","₹20,999",8 GB RAM | 128 GB ROM | Expandable Upto 2 TB16.94 cm (6.67 inch) Full HD+ Display50MP + 8MP + 2MP | 16MP Front Camera5000 mAh BatteryDimensity 7050 Processor1 Year Manufacturer Warranty for Device and 6 Months Manufacturer Warranty for Inbox Accessories,4.1
"IQOO Z9x (Tornado Green, 128 GB)","₹13,400","4 GB RAM | 128 GB ROM17.07 cm (6.72 inch) Display50MP Rear Camera6000 mAh BatteryOcta core (2.2 GHz, Quad core, Cortex A78 + 1.8 GHz, Quad core, Cortex A55) Processor1 Year Manufacturer Warranty",4
"Infinix Note 40 Pro 5G (Vintage Green, 256 GB)","₹21,999",8 GB RAM | 256 GB ROM17.22 cm (6.78 inch) Full HD+ Display108MP (OIS) + 2MP + 2MP | 32MP Front Camera5000 mAh BatteryMediatek Dimensity 7020 Processor1 Year Warranty on Handset and 6 Months Warranty on Inbox Accessories,4.2
"REDMI 13c 5G (Startrail Green, 256 GB)","₹13,415",8 GB RAM | 256 GB ROM17.12 cm (6.74 inch) Display50MP Rear Camera5000 mAh Battery1 Year,4.3
"OnePlus Nord CE4 lite 5G (MEGA BLUE, 256 GB)","₹21,595",8 GB RAM | 256 GB ROM16.94 cm (6.67 inch) Display50MP Rear Camera5500 mAh Battery1 year,4.3
"realme Narzo N63 4G (Twilight Purple, 128 GB)","₹10,490",4 GB RAM | 128 GB ROM17.12 cm (6.74 inch) Display50MP Rear Camera5000 mAh BatteryDomestic Warranty  1 year for handset and 6 months for accessories.,3.9
"realme 13 Pro+ 5G (Monet Gold, 256 GB)","₹32,999",8 GB RAM | 256 GB ROM17.02 cm (6.7 inch) Full HD+ Display50MP + 8MP + 50MP | 32MP Front Camera5200 mAh BatterySnapdragon 7s Gen2 Processor1 Year Manufacturer Warranty for Device and 6 Months Manufacturer Warranty for Inbox Accessories,4.7
"OPPO K12x 5G with 45W SUPERVOOC Charger In-The-Box (Midnight Voilet, 128 GB)","₹12,999",6 GB RAM | 128 GB ROM | Expandable Upto 1 TB16.94 cm (6.67 inch) HD Display32MP + 2MP | 8MP Front Camera5100 mAh BatteryDimensity 6300 Processor1 Year Manufacturer Warranty for Device and 6 Months Manufacturer Warranty for Inbox Accessories,4.1
"IQOO Z9x (Tornado Green, 128 GB)","₹13,018","4 GB RAM | 128 GB ROM17.07 cm (6.72 inch) Display50MP Rear Camera6000 mAh BatteryOcta core (2.2 GHz, Quad core, Cortex A78 + 1.8 GHz, Quad core, Cortex A55) Processor1 Year Manufacturer Warranty",4
"Infinix Note 40 Pro 5G (Vintage Green, 256 GB)","₹21,999",8 GB RAM | 256 GB ROM17.22 cm (6.78 inch) Full HD+ Display108MP (OIS) + 2MP + 2MP | 32MP Front Camera5000 mAh BatteryMediatek Dimensity 7020 Processor1 Year Warranty on Handset and 6 Months Warranty on Inbox Accessories,4.4
"CMF by Nothing Phone 1 (Orange, 128 GB)","₹15,999",6 GB RAM | 128 GB ROM | Expandable Upto 1 TB16.94 cm (6.67 inch) Full HD+ Display50MP + 2MP | 16MP Front Camera5000 mAh BatteryDimensity 7300 5G Processor1 Year Manufacturing Warranty,4.3
"OnePlus Nord CE4 lite 5G (MEGA BLUE, 128 GB)","₹19,490",8 GB RAM | 128 GB ROM16.94 cm (6.67 inch) Display50MP Rear Camera5500 mAh Battery1 year,4.3
"REDMI 13c 5G (Starlight Black, 128 GB)","₹10,351",4 GB RAM | 128 GB ROM17.12 cm (6.74 inch) Display50MP Rear Camera5000 mAh Battery1 Year,4.3
"Infinix GT 20 Pro (Mecha Silver, 256 GB)","₹25,999",12 GB RAM | 256 GB ROM17.22 cm (6.78 inch) Full HD+ Display108MP (OIS) + 2MP + 2MP | 32MP Front Camera5000 mAh BatteryDimensity 8200 Ultimate Processor1 Year Warranty,4.3
"realme 12+ 5G (Pioneer Green, 256 GB)","₹21,999",8 GB RAM | 256 GB ROM | Expandable Upto 2 TB16.94 cm (6.67 inch) Full HD+ Display50MP + 8MP + 2MP | 16MP Front Camera5000 mAh BatteryDimensity 7050 Processor1 Year Manufacturer Warranty for Device and 6 Months Manufacturer Warranty for Inbox Accessories,4.3
"realme 12+ 5G (Navigator Beige, 256 GB)","₹21,999",8 GB RAM | 256 GB ROM | Expandable Upto 2 TB16.94 cm (6.67 inch) Full HD+ Display50MP + 8MP + 2MP | 16MP Front Camera5000 mAh BatteryDimensity 7050 Processor1 Year Manufacturer Warranty for Device and 6 Months Manufacturer Warranty for Inbox Accessories,4.3
"realme 12+ 5G (Navigator Beige, 128 GB)","₹20,999",8 GB RAM | 128 GB ROM | Expandable Upto 2 TB16.94 cm (6.67 inch) Full HD+ Display50MP + 8MP + 2MP | 16MP Front Camera5000 mAh BatteryDimensity 7050 Processor1 Year Manufacturer Warranty for Device and 6 Months Manufacturer Warranty for Inbox Accessories,4.3
"realme Narzo 70 Pro 5G (Glass Gold, 256 GB)","₹17,970",8 GB RAM | 256 GB ROM16.94 cm (6.67 inch) Display50MP Rear Camera5000 mAh Battery1 Year Domestic Warranty for Phone and 6 Months Warranty for In-Box Accessories,4.1
"REDMI Note 13 5G (Chromatic Purple, 256 GB)","₹18,999",8 GB RAM | 256 GB ROM | Expandable Upto 1 TB16.94 cm (6.67 inch) Full HD+ Display108MP + 2MP | 16MP Front Camera5000 mAh BatteryDimensity 6080 Processor1 Year Manufacturer Warranty for Phone and 6 Months Warranty for In the Box Accessories,4.3
"realme Narzo 70 Pro 5G (Glass Green, 256 GB)","₹18,123",8 GB RAM | 256 GB ROM16.94 cm (6.67 inch) Display50MP Rear Camera5000 mAh Battery1 Year Domestic Warranty for Phone and 6 Months Warranty for In-Box Accessories,4.2
"SAMSUNG Galaxy F14 5G (B.A.E. Purple, 128 GB)","₹10,990","4 GB RAM | 128 GB ROM | Expandable Upto 1 TB16.76 cm (6.6 inch) Full HD+ Display50MP + 2MP | 13MP Front Camera6000 mAh BatteryExynos 1330, Octa Core Processor1 Year Manufacturer Warranty for Device and 6 Months Manufacturer Warranty for In-Box Accessories",4.5
"OnePlus Nord CE4 (Dark Chrome, 128 GB)","₹23,461",8 GB RAM | 128 GB ROM17.02 cm (6.7 inch) Display50MP Rear Camera5500 mAh BatteryOxygenOS 14.0 ProcessorDomestic Warranty 1 Year For Handset And 6 month For Accessories.,4.1
"REDMI Note 13 5G (Prism Gold, 256 GB)","₹18,487",12 GB RAM | 256 GB ROM16.94 cm (6.67 inch) Display108MP Rear Camera5000 mAh Battery1 Year Brand Warranty,4.3
"OnePlus Nord CE4 lite 5G (SUPER SILVER, 256 GB)","₹21,678",8 GB RAM | 256 GB ROM16.94 cm (6.67 inch) Display50MP Rear Camera5500 mAh Battery1 year,4.1
"POCO X6 Neo 5G (Astral Black, 128 GB)","₹14,999",8 GB RAM | 128 GB ROM | Expandable Upto 1 TB16.94 cm (6.67 inch) Full HD+ Display108MP + 2MP | 16MP Front Camera5000 mAh BatteryDimensity 6080 Processor1 Year Manufacturer Warranty for Phone and 6 Months Warranty for In the Box Accessories,4.5
"OnePlus Nord CE4 (Celadon Marble, 128 GB)","₹23,570",8 GB RAM | 128 GB ROM17.02 cm (6.7 inch) Display50MP Rear Camera5500 mAh BatteryOxygenOS 14.0 ProcessorDomestic Warranty 1 Year For Handset And 6 month For Accessories.,4.1
"REDMI Note 13 5G (Arctic White, 256 GB)","₹18,683",12 GB RAM | 256 GB ROM16.94 cm (6.67 inch) Display108MP Rear Camera5000 mAh Battery1 Year Brand Warranty,4.2
"OnePlus Nord CE4 (Celadon Marble, 128 GB)","₹23,583",8 GB RAM | 128 GB ROM17.02 cm (6.7 inch) Display50MP Rear Camera5500 mAh BatteryOxygenOS 14.0 ProcessorDomestic Warranty 1 Year For Handset And 6 month For Accessories.,4.5
"REDMI 13c 5G (Starlight Black, 128 GB)","₹11,690",6 GB RAM | 128 GB ROM17.12 cm (6.74 inch) Display50MP Rear Camera5000 mAh Battery1 Year,4.2
"realme 12x 5G (Twilight Purple, 128 GB)","₹12,999",6 GB RAM | 128 GB ROM | Expandable Upto 2 TB17.07 cm (6.72 inch) Full HD+ Display50MP + 2MP | 8MP Front Camera5000 mAh BatteryDimensity 6100+ Processor1 Year Manufacturer Warranty for Device and 6 Months Manufacturer Warranty for Inbox Accessories,4.4
"realme 13 Pro+ 5G (Monet Gold, 256 GB)","₹32,999",8 GB RAM | 256 GB ROM17.02 cm (6.7 inch) Full HD+ Display50MP + 8MP + 50MP | 32MP Front Camera5200 mAh BatterySnapdragon 7s Gen2 Processor1 Year Manufacturer Warranty for Device and 6 Months Manufacturer Warranty for Inbox Accessories,4.7
"REDMI 13C 5G (Starlight Black, 256 GB)","₹13,999",8 GB RAM | 256 GB ROM | Expandable Upto 1 TB17.12 cm (6.74 inch) HD+ Display50MP Rear Camera | 5MP Front Camera5000 mAh BatteryMediatek Dimensity 6100+ Processor1 Year Manufacturer Warranty for Phone and 6 Months Warranty for In the Box Accessories,4.2
"POCO F6 5G (Black, 256 GB)","₹27,999",8 GB RAM | 256 GB ROM16.94 cm (6.67 inch) Display50MP (OIS) + 8MP | 20MP Front Camera5000 mAh Battery8s Gen3 Processor1 Year Manufacturer Warranty for Phone and 6 Months Warranty for In the Box Accessories,4.2
"POCO X6 5G (Mirror Black, 256 GB)","₹18,999",8 GB RAM | 256 GB ROM16.94 cm (6.67 inch) Display64MP + 8MP + 2MP | 16MP Front Camera5100 mAh Battery7s Gen 2 Mobile Platform 5G Processor1 Year Manufacturer Warranty for Phone and 6 Months Warranty for In the Box Accessories,4.2
"REDMI Note 13 5G (Arctic White, 256 GB)","₹18,683",12 GB RAM | 256 GB ROM16.94 cm (6.67 inch) Display108MP Rear Camera5000 mAh Battery1 Year Brand Warranty,4.1
"OPPO K12x 5G with 45W SUPERVOOC Charger In-The-Box (Midnight Voilet, 128 GB)","₹12,999",6 GB RAM | 128 GB ROM | Expandable Upto 1 TB16.94 cm (6.67 inch) HD Display32MP + 2MP | 8MP Front Camera5100 mAh BatteryDimensity 6300 Processor1 Year Manufacturer Warranty for Device and 6 Months Manufacturer Warranty for Inbox Accessories,4.3
"IQOO Z9 (Brushed Green, 128 GB)","₹18,752",8 GB RAM | 128 GB ROM17.22 cm (6.78 inch) Display50MP Rear Camera5000 mAh Battery1 Year,4.3
"OnePlus Nord CE4 lite 5G (ULTRA ORANGE, 128 GB)","₹20,490",8 GB RAM | 128 GB ROM16.94 cm (6.67 inch) Display50MP Rear Camera5500 mAh Battery1 year,4.2
"REDMI Note 13 Pro 5G (Coral Purple, 256 GB)","₹25,585",12 GB RAM | 256 GB ROM16.94 cm (6.67 inch) Display200MP (OIS) + 8MP + 2MP | 16MP Front Camera5100 mAh Battery7s Gen 2 Mobile Platform 5G Processor1 Year Manufacturer Warranty for Phone and 6 Months Warranty for In the Box Accessories,4.2
"REDMI 13C 5G (Startrail Silver, 256 GB)","₹13,999",8 GB RAM | 256 GB ROM | Expandable Upto 1 TB17.12 cm (6.74 inch) HD+ Display50MP Rear Camera | 5MP Front Camera5000 mAh BatteryMediatek Dimensity 6100+ Processor1 Year Manufacturer Warranty for Phone and 6 Months Warranty for In the Box Accessories,4.2
"REDMI 12 (Pastel Blue, 128 GB)","₹10,199",6 GB RAM | 128 GB ROM | Expandable Upto 1 TB17.25 cm (6.79 inch) Full HD+ Display50MP + 8MP + 2MP | 8MP Front Camera5000 mAh BatteryHelio G88 Processor1 Year Manufacturer Warranty for Phone and 6 Months Warranty for in the Box Accessories,4.2
"REDMI 13C 5G (Startrail Green, 128 GB)","₹11,999",6 GB RAM | 128 GB ROM | Expandable Upto 1 TB17.12 cm (6.74 inch) HD+ Display50MP Rear Camera | 5MP Front Camera5000 mAh BatteryMediatek Dimensity 6100+ Processor1 Year Manufacturer Warranty for Phone and 6 Months Warranty for In the Box Accessories,4.1
"POCO X6 Neo 5G (Astral Black, 128 GB)","₹14,999",8 GB RAM | 128 GB ROM | Expandable Upto 1 TB16.94 cm (6.67 inch) Full HD+ Display108MP + 2MP | 16MP Front Camera5000 mAh BatteryDimensity 6080 Processor1 Year Manufacturer Warranty for Phone and 6 Months Warranty for In the Box Accessories,4.1
"realme NARZO 70X 5G (FOREST GREEN, 128 GB)","₹12,740",4 GB RAM | 128 GB ROM17.07 cm (6.72 inch) Display50MP Rear Camera | 8MP Front Camera5000 mAh BatteryDimensity 6100+ 5G Chipset Processor1 Year Domestic Warranty for Phone and 6 Months Warranty for In-Box Accessories,4.5
"Motorola G85 5G (Cobalt Blue, 128 GB)","₹17,999",8 GB RAM | 128 GB ROM16.94 cm (6.67 inch) Full HD+ Display50MP + 8MP | 32MP Front Camera5000 mAh Battery6s Gen 3 Processor1 Year on Handset and 6 Months on Accessories,4.1
"POCO X6 Neo 5G (Horizon Blue, 128 GB)","₹14,999",8 GB RAM | 128 GB ROM | Expandable Upto 1 TB16.94 cm (6.67 inch) Full HD+ Display108MP + 2MP | 16MP Front Camera5000 mAh BatteryDimensity 6080 Processor1 Year Manufacturer Warranty for Phone and 6 Months Warranty for In the Box Accessories,4.1
"POCO X6 Neo 5G (Martian Orange, 128 GB)","₹14,999",8 GB RAM | 128 GB ROM | Expandable Upto 1 TB16.94 cm (6.67 inch) Full HD+ Display108MP + 2MP | 16MP Front Camera5000 mAh BatteryDimensity 6080 Processor1 Year Manufacturer Warranty for Phone and 6 Months Warranty for In the Box Accessories,4.3
"Tecno Spark 10 Pro (Lunar Eclipse, 128 GB)","₹11,999",8 GB RAM | 128 GB ROM | Expandable Upto 1 TB16.97 cm (6.68 inch) Full HD+ Display50MP Rear Camera | 32MP Front Camera5000 mAh BatteryMediatek Helio G88 Processor1 Year Warranty,4.1
"REDMI Note 13 5G (Chromatic Purple, 256 GB)","₹17,435",8 GB RAM | 256 GB ROM | Expandable Upto 1 TB16.94 cm (6.67 inch) Full HD+ Display108MP + 2MP | 16MP Front Camera5000 mAh BatteryDimensity 6080 Processor1 Year Manufacturer Warranty for Phone and 6 Months Warranty for In the Box Accessories,4.5
"Motorola G85 5G (Urban Grey, 128 GB)","₹17,999",8 GB RAM | 128 GB ROM16.94 cm (6.67 inch) Full HD+ Display50MP + 8MP | 32MP Front Camera5000 mAh Battery6s Gen 3 Processor1 Year on Handset and 6 Months on Accessories,4.2
"realme 12 Pro 5G (Submarine Blue, 256 GB)","₹26,999",8 GB RAM | 256 GB ROM17.02 cm (6.7 inch) Full HD+ Display50MP + 8MP + 32MP | 16MP Front Camera5000 mAh BatterySnapdragon 6 Gen 1 Processor1 Year Manufacturer Warranty for Device and 6 Months Manufacturer Warranty for Inbox Accessories,4.4
"realme C65 5G (Feather Green, 128 GB)","₹11,499",4 GB RAM | 128 GB ROM | Expandable Upto 2 TB16.94 cm (6.67 inch) HD+ Display50MP Rear Camera | 8MP Front Camera5000 mAh BatteryDimensity 6300 Processor1 Year Manufacturer Warranty for Device and 6 Months Manufacturer Warranty for Inbox Accessories,4.1
"IQOO Z7 Pro 5G (Blue Lagoon, 256 GB)","₹23,999",8 GB RAM | 256 GB ROM17.22 cm (6.78 inch) Display64MP + 2MP | 16MP Front Camera4600 mAh BatteryDimensity 7200 5G Mobile Platform Processor1 Year Manufacturer Warranty for Device and 6 Months Manufacturer Warranty for Inbox Accessories,4.4
"realme 12 Pro 5G (Submarine Blue, 256 GB)","₹24,999",12 GB RAM | 256 GB ROM17.02 cm (6.7 inch) Full HD+ Display50MP + 8MP + 32MP | 16MP Front Camera5000 mAh BatterySnapdragon 6 Gen 1 Processor1 Year Manufacturer Warranty for Device and 6 Months Manufacturer Warranty for Inbox Accessories,4.4
"realme 13 Pro+ 5G (Monet Gold, 256 GB)","₹32,999",8 GB RAM | 256 GB ROM17.02 cm (6.7 inch) Full HD+ Display50MP + 8MP + 50MP | 32MP Front Camera5200 mAh BatterySnapdragon 7s Gen2 Processor1 Year Manufacturer Warranty for Device and 6 Months Manufacturer Warranty for Inbox Accessories,4.7
"OPPO K12x 5G with 45W SUPERVOOC Charger In-The-Box (Midnight Voilet, 128 GB)","₹12,999",6 GB RAM | 128 GB ROM | Expandable Upto 1 TB16.94 cm (6.67 inch) HD Display32MP + 2MP | 8MP Front Camera5100 mAh BatteryDimensity 6300 Processor1 Year Manufacturer Warranty for Device and 6 Months Manufacturer Warranty for Inbox Accessories,4.4
"realme 12 Pro 5G (Navigator Beige, 256 GB)","₹24,999",12 GB RAM | 256 GB ROM17.02 cm (6.7 inch) Full HD+ Display50MP + 8MP + 32MP | 16MP Front Camera5000 mAh BatterySnapdragon 6 Gen 1 Processor1 Year Manufacturer Warranty for Device and 6 Months Manufacturer Warranty for Inbox Accessories,4.2
"SAMSUNG Galaxy F15 5G (Jazzy Green, 128 GB)","₹12,999",4 GB RAM | 128 GB ROM | Expandable Upto 1 TB16.51 cm (6.5 inch) Full HD+ Display50MP + 5MP + 2MP | 13MP Front Camera6000 mAh Lithium ion BatteryMediaTek Dimensity 6100+ Processor1 Year Manufacturer Warranty for Device and 6 Months Manufacturer Warranty for In-Box Accessories,4.3
"REDMI Note 13 Pro 5G (Midnight Black, 256 GB)","₹23,249",8 GB RAM | 256 GB ROM16.94 cm (6.67 inch) Display200MP (OIS) + 8MP + 2MP | 16MP Front Camera5100 mAh Battery7s Gen 2 Mobile Platform 5G Processor1 Year Manufacturer Warranty for Phone and 6 Months Warranty for In the Box Accessories,4.2
"POCO X6 5G (Snowstorm White, 256 GB)","₹18,999",8 GB RAM | 256 GB ROM16.94 cm (6.67 inch) Display64MP + 8MP + 2MP | 16MP Front Camera5100 mAh Battery7s Gen 2 Mobile Platform 5G Processor1 Year Manufacturer Warranty for Phone and 6 Months Warranty for In the Box Accessories,4.1
"REDMI Note 13 5G (Stealth Black, 256 GB)","₹18,852",12 GB RAM | 256 GB ROM16.94 cm (6.67 inch) Display108MP Rear Camera5000 mAh Battery1 Year Brand Warranty,4.4
"realme 12 Pro 5G (Navigator Beige, 256 GB)","₹26,999",8 GB RAM | 256 GB ROM17.02 cm (6.7 inch) Full HD+ Display50MP + 8MP + 32MP | 16MP Front Camera5000 mAh BatterySnapdragon 6 Gen 1 Processor1 Year Manufacturer Warranty for Device and 6 Months Manufacturer Warranty for Inbox Accessories,4.2
"POCO X6 5G (Mirror Black, 256 GB)","₹18,999",8 GB RAM | 256 GB ROM16.94 cm (6.67 inch) Display64MP + 8MP + 2MP | 16MP Front Camera5100 mAh Battery7s Gen 2 Mobile Platform 5G Processor1 Year Manufacturer Warranty for Phone and 6 Months Warranty for In the Box Accessories,4.2
"REDMI Note 13 5G (Stealth Black, 128 GB)","₹19,999",6 GB RAM | 128 GB ROM16.94 cm (6.67 inch) Full HD+ Display108MP Rear Camera5000 mAh Battery1 Year Brand Warranty,4.2
"REDMI Note 13 Pro 5G (Coral Purple, 256 GB)","₹25,580",12 GB RAM | 256 GB ROM16.94 cm (6.67 inch) Display200MP (OIS) + 8MP + 2MP | 16MP Front Camera5100 mAh Battery7s Gen 2 Mobile Platform 5G Processor1 Year Manufacturer Warranty for Phone and 6 Months Warranty for In the Box Accessories,4.5
"OnePlus Nord CE4 (Celadon Marble, 256 GB)","₹26,798",8 GB RAM | 256 GB ROM17.02 cm (6.7 inch) Display50MP Rear Camera5500 mAh BatteryOxygenOS 14.0 ProcessorDomestic Warranty 1 Year For Handset And 6 month For Accessories.,4.4
"IQOO Z7 Pro 5G (Blue Lagoon, 128 GB)","₹22,999",8 GB RAM | 128 GB ROM17.22 cm (6.78 inch) Display64MP + 2MP | 16MP Front Camera4600 mAh BatteryDimensity 7200 5G Mobile Platform Processor1 Year Manufacturer Warranty for Device and 6 Months Manufacturer Warranty for Inbox Accessories,4.3
"SAMSUNG Galaxy S23 FE (Mint, 256 GB)","₹44,999",8 GB RAM | 256 GB ROM16.26 cm (6.4 inch) Full HD+ Display50MP + 12MP | 10MP Front Camera4500 mAh BatterySamsung Exynos 2200 Processor1 Year Manufacturer Warranty for Device and 6 Months for In-Box Accessories,4.5
"SAMSUNG Galaxy S23 5G (Green, 256 GB)","₹53,999",8 GB RAM | 256 GB ROM15.49 cm (6.1 inch) Full HD+ Display50MP + 10MP + 12MP | 12MP Front Camera3900 mAh Lithium Ion BatteryQualcomm Snapdragon 8 Gen 2 Processor1 Year Manufacturer Warranty for Device and 6 Months Manufacturer Warranty for In-Box Accessories,4.4
"IQOO Z7 Pro 5G (Graphite Matte, 256 GB)","₹23,999",8 GB RAM | 256 GB ROM17.22 cm (6.78 inch) Display64MP + 2MP | 16MP Front Camera4600 mAh BatteryDimensity 7200 5G Mobile Platform Processor1 Year Manufacturer Warranty for Device and 6 Months Manufacturer Warranty for Inbox Accessories,4.4
"Nothing Phone (2a) 5G (White, 256 GB)","₹27,999",12 GB RAM | 256 GB ROM17.02 cm (6.7 inch) Full HD+ Display50MP (OIS) + 50MP | 32MP Front Camera5000 mAh BatteryDimensity 7200 Pro Processor1 Year Manufacturing Warranty,4.5
"SAMSUNG Galaxy S23 5G (Green, 128 GB)","₹48,999",8 GB RAM | 128 GB ROM15.49 cm (6.1 inch) Full HD+ Display50MP + 10MP + 12MP | 12MP Front Camera3900 mAh Lithium Ion BatteryQualcomm Snapdragon 8 Gen 2 Processor1 Year Manufacturer Warranty for Device and 6 Months Manufacturer Warranty for In-Box Accessories,4.4
"Motorola Edge 50 Pro 5G with 125W Charger (Luxe Lavender, 256 GB)","₹35,999",12 GB RAM | 256 GB ROM17.02 cm (6.7 inch) Display50MP + 13MP + 10MP | 50MP Front Camera4500 mAh Battery7 Gen 3 Mobile Platform Processor1 Year on Handset and 6 Months on Accessories,4.3
"OPPO K12x 5G with 45W SUPERVOOC Charger In-The-Box (Midnight Voilet, 128 GB)","₹12,999",6 GB RAM | 128 GB ROM | Expandable Upto 1 TB16.94 cm (6.67 inch) HD Display32MP + 2MP | 8MP Front Camera5100 mAh BatteryDimensity 6300 Processor1 Year Manufacturer Warranty for Device and 6 Months Manufacturer Warranty for Inbox Accessories,4.4
"Nothing Phone (2a) 5G (Black, 256 GB)","₹25,999",8 GB RAM | 256 GB ROM17.02 cm (6.7 inch) Full HD+ Display50MP (OIS) + 50MP | 32MP Front Camera5000 mAh BatteryDimensity 7200 Pro Processor1 Year Manufacturing Warranty,4.4
"Nothing Phone (2a) 5G (White, 256 GB)","₹25,999",8 GB RAM | 256 GB ROM17.02 cm (6.7 inch) Full HD+ Display50MP (OIS) + 50MP | 32MP Front Camera5000 mAh BatteryDimensity 7200 Pro Processor1 Year Manufacturing Warranty,4.3
"IQOO Z9 (Brushed Green, 128 GB)","₹18,969",8 GB RAM | 128 GB ROM17.22 cm (6.78 inch) Display50MP Rear Camera5000 mAh Battery1 Year,4.4
"Nothing Phone (2a) 5G (Black, 128 GB)","₹23,999",8 GB RAM | 128 GB ROM17.02 cm (6.7 inch) Full HD+ Display50MP (OIS) + 50MP | 32MP Front Camera5000 mAh BatteryDimensity 7200 Pro Processor1 Year Manufacturing Warranty,4.4
"Nothing Phone (2a) 5G (White, 128 GB)","₹23,999",8 GB RAM | 128 GB ROM17.02 cm (6.7 inch) Full HD+ Display50MP (OIS) + 50MP | 32MP Front Camera5000 mAh BatteryDimensity 7200 Pro Processor1 Year Manufacturing Warranty,4.3
"POCO X6 Pro 5G (Racing Grey, 256 GB)","₹23,999",8 GB RAM | 256 GB ROM16.94 cm (6.67 inch) Display64MP + 8MP + 2MP | 16MP Front Camera5000 mAh BatteryDimensity D8300 Ultra Processor1 Year Manufacturer Warranty for Phone and 6 Months Warranty for In the Box Accessories,4.2
"REDMI Note 13 5G (Prism Gold, 128 GB)","₹16,490",6 GB RAM | 128 GB ROM16.94 cm (6.67 inch) Display108MP Rear Camera5000 mAh Battery1 Year Brand Warranty,4.5
"realme GT 6 (Razor Green, 512 GB)","₹44,999",16 GB RAM | 512 GB ROM17.22 cm (6.78 inch) Full HD+ Display50MP + 8MP + 50MP | 32MP Front Camera5500 mAh Battery8s Gen 3 Mobile Platform Processor1 Year Manufacturer Warranty for Device and 6 Months Manufacturer Warranty for Inbox Accessories,4.4
"Nothing Phone (2a) 5G (Blue, 256 GB)","₹27,999",12 GB RAM | 256 GB ROM17.02 cm (6.7 inch) Full HD+ Display50MP (OIS) + 50MP | 32MP Front Camera5000 mAh BatteryDimensity 7200 Pro Processor1 Year Manufacturing Warranty,4
"OnePlus N20 SE (CELESTIAL BLACK, 128 GB)","₹10,599",4 GB RAM | 128 GB ROM16.66 cm (6.56 inch) Display50MP + 50MP + 2MP | 8MP Front Camera5000 mAh BatteryNo Warranty,4.3
"REDMI Note 13 Pro 5G (Coral Purple, 128 GB)","₹22,290",8 GB RAM | 128 GB ROM16.94 cm (6.67 inch) Display200MP (OIS) + 8MP + 2MP | 16MP Front Camera5100 mAh Battery7s Gen 2 Mobile Platform 5G Processor1 Year Manufacturer Warranty for Phone and 6 Months Warranty for In the Box Accessories,4.3
"POCO X6 5G (Mirror Black, 512 GB)","₹21,999",12 GB RAM | 512 GB ROM16.94 cm (6.67 inch) Display64MP + 8MP + 2MP | 16MP Front Camera5100 mAh Battery7s Gen 2 Mobile Platform 5G Processor1 Year Manufacturer Warranty for Phone and 6 Months Warranty for In the Box Accessories,4.5
"realme GT 6 (Razor Green, 256 GB)","₹40,999",8 GB RAM | 256 GB ROM17.22 cm (6.78 inch) Full HD+ Display50MP + 8MP + 50MP | 32MP Front Camera5500 mAh Battery8s Gen 3 Mobile Platform Processor1 Year Manufacturer Warranty for Device and 6 Months Manufacturer Warranty for Inbox Accessories,4.5
"realme GT 6 (Fluid Silver, 256 GB)","₹40,999",8 GB RAM | 256 GB ROM17.22 cm (6.78 inch) Full HD+ Display50MP + 8MP + 50MP | 32MP Front Camera5500 mAh Battery8s Gen 3 Mobile Platform Processor1 Year Manufacturer Warranty for Device and 6 Months Manufacturer Warranty for Inbox Accessories,4.5
"Motorola G85 5G (Olive Green, 128 GB)","₹17,999",8 GB RAM | 128 GB ROM16.94 cm (6.67 inch) Full HD+ Display50MP + 8MP | 32MP Front Camera5000 mAh Battery6s Gen 3 Processor1 Year on Handset and 6 Months on Accessories,4.4
"realme GT 6T 5G (Razor Green, 256 GB)","₹29,761",8 GB RAM | 256 GB ROM17.22 cm (6.78 inch) Display50MP Rear Camera5500 mAh Battery1 Year,4.1
"realme C65 5G (Glowing Black, 64 GB)","₹10,499",4 GB RAM | 64 GB ROM | Expandable Upto 2 TB16.94 cm (6.67 inch) HD+ Display50MP Rear Camera | 8MP Front Camera5000 mAh BatteryDimensity 6300 Processor1 Year Manufacturer Warranty for Device and 6 Months Manufacturer Warranty for Inbox Accessories,4
"SAMSUNG Galaxy M14 4G (Arctic Blue, 64 GB)","₹13,999",4 GB RAM | 64 GB ROM16.76 cm (6.6 inch) Display50MP Rear Camera6000 mAh Battery1 year for handset and 6 month for accessories,4.3
"POCO C65 (Pastel Green, 128 GB)","₹10,998",4 GB RAM | 128 GB ROM | Expandable Upto 1 TB17.12 cm (6.74 inch) HD+ Display50MP + AI Lens + 2MP | 8MP Front Camera5000 mAh BatteryHelio G85 Processor1 Year Manufacturer Warranty for Phone and 6 Months Warranty for in the Box Accessories,4.3
"CMF by Nothing Phone 1 (Orange, 128 GB)","₹17,999",8 GB RAM | 128 GB ROM | Expandable Upto 2 TB16.94 cm (6.67 inch) Full HD+ Display50MP + 2MP | 16MP Front Camera5000 mAh BatteryDimensity 7300 5G Processor1 Year Manufacturing Warranty,4
"SAMSUNG Galaxy M14 4G (Arctic Blue, 128 GB)","₹10,989",6 GB RAM | 128 GB ROM16.76 cm (6.6 inch) Display50MP Rear Camera6000 mAh Battery1 year for handset and 6 month for accessories,4.3
"OnePlus Nord CE4 lite 5G (ULTRA ORANGE, 256 GB)","₹21,399",8 GB RAM | 256 GB ROM16.94 cm (6.67 inch) Display50MP Rear Camera5500 mAh Battery1 year,4.2
"realme 13 Pro+ 5G (Monet Gold, 256 GB)","₹32,999",8 GB RAM | 256 GB ROM17.02 cm (6.7 inch) Full HD+ Display50MP + 8MP + 50MP | 32MP Front Camera5200 mAh BatterySnapdragon 7s Gen2 Processor1 Year Manufacturer Warranty for Device and 6 Months Manufacturer Warranty for Inbox Accessories,4.7
"OPPO K12x 5G with 45W SUPERVOOC Charger In-The-Box (Midnight Voilet, 128 GB)","₹12,999",6 GB RAM | 128 GB ROM | Expandable Upto 1 TB16.94 cm (6.67 inch) HD Display32MP + 2MP | 8MP Front Camera5100 mAh BatteryDimensity 6300 Processor1 Year Manufacturer Warranty for Device and 6 Months Manufacturer Warranty for Inbox Accessories,4.4
"Nothing Phone (2a) 5G (Black, 128 GB)","₹23,999",8 GB RAM | 128 GB ROM17.02 cm (6.7 inch) Full HD+ Display50MP (OIS) + 50MP | 32MP Front Camera5000 mAh BatteryDimensity 7200 Pro Processor1 Year Manufacturing Warranty,4.4
"Nothing Phone (2a) 5G (White, 128 GB)","₹23,999",8 GB RAM | 128 GB ROM17.02 cm (6.7 inch) Full HD+ Display50MP (OIS) + 50MP | 32MP Front Camera5000 mAh BatteryDimensity 7200 Pro Processor1 Year Manufacturing Warranty,4.5
"realme GT 6 (Fluid Silver, 256 GB)","₹40,999",8 GB RAM | 256 GB ROM17.22 cm (6.78 inch) Full HD+ Display50MP + 8MP + 50MP | 32MP Front Camera5500 mAh Battery8s Gen 3 Mobile Platform Processor1 Year Manufacturer Warranty for Device and 6 Months Manufacturer Warranty for Inbox Accessories,4.5
"realme GT 6 (Razor Green, 256 GB)","₹40,999",8 GB RAM | 256 GB ROM17.22 cm (6.78 inch) Full HD+ Display50MP + 8MP + 50MP | 32MP Front Camera5500 mAh Battery8s Gen 3 Mobile Platform Processor1 Year Manufacturer Warranty for Device and 6 Months Manufacturer Warranty for Inbox Accessories,4.4
"Nothing Phone (2a) 5G (Blue, 256 GB)","₹27,999",12 GB RAM | 256 GB ROM17.02 cm (6.7 inch) Full HD+ Display50MP (OIS) + 50MP | 32MP Front Camera5000 mAh BatteryDimensity 7200 Pro Processor1 Year Manufacturing Warranty,4.4
"realme GT 6T 5G (Miracle Purple, 256 GB)","₹33,999",12 GB RAM | 256 GB ROM17.22 cm (6.78 inch) Display50MP Rear Camera5500 mAh Battery1 Year,4.2
"SAMSUNG Galaxy F15 5G (Ash Black, 128 GB)","₹15,999",8 GB RAM | 128 GB ROM | Expandable Upto 1 TB16.51 cm (6.5 inch) Full HD+ Display50MP + 5MP + 2MP | 13MP Front Camera6000 mAh Lithium ion BatteryMediaTek Dimensity 6100+ Processor1 Year Manufacturer Warranty for Device and 6 Months Manufacturer Warranty for In-Box Accessories,4.4
"IQOO Z9 5G (Graphene Blue, 256 GB)","₹21,390",8 GB RAM | 256 GB ROM16.94 cm (6.67 inch) Display50MP Rear Camera5000 mAh Battery1 Year on Handset and 6 Months on Accessories,4.2
"REDMI Note 13 5G (Stealth Black, 128 GB)","₹37,999",6 GB RAM | 128 GB ROM16.94 cm (6.67 inch) Full HD+ Display108MP Rear Camera5000 mAh Battery1 Year Brand Warranty,4.3
"Google Pixel 7 (Snow, 128 GB)","₹13,333",8 GB RAM | 128 GB ROM16.0 cm (6.3 inch) Full HD+ Display50MP + 12MP | 10.8MP Front Camera4270 mAh BatteryGoogle Tensor G2 ProcessorNA,4.2
"REDMI 12 5G (Jade Black, 256 GB)","₹23,999",8 GB RAM | 256 GB ROM | Expandable Upto 1 TB17.25 cm (6.79 inch) Full HD+ Display50MP + 2MP | 8MP Front Camera5000 mAh BatterySnapdragon 4 Gen 2 Processor1 Year Manufacturer Warranty for Phone and 6 Months Warranty for In the Box Accessories,4.3
"POCO X6 Pro 5G (Yellow, 256 GB)","₹42,999",8 GB RAM | 256 GB ROM16.94 cm (6.67 inch) Display64MP + 8MP + 2MP | 16MP Front Camera5000 mAh BatteryDimensity D8300 Ultra Processor1 Year Manufacturer Warranty for Phone and 6 Months Warranty for In the Box Accessories,4.5
"realme GT 6 (Fluid Silver, 256 GB)","₹22,999",12 GB RAM | 256 GB ROM17.22 cm (6.78 inch) Full HD+ Display50MP + 8MP + 50MP | 32MP Front Camera5500 mAh Battery8s Gen 3 Mobile Platform Processor1 Year Manufacturer Warranty for Device and 6 Months Manufacturer Warranty for Inbox Accessories,4.4
"IQOO Z9 5G (Brushed Green, 256 GB)","₹10,599",8 GB RAM | 256 GB ROM16.94 cm (6.67 inch) Display50MP Rear Camera5000 mAh Battery1 Year on Handset and 6 Months on Accessories,4
"OnePlus N20 SE (CELESTIAL BLACK, 128 GB)","₹16,790",4 GB RAM | 128 GB ROM16.66 cm (6.56 inch) Display50MP + 50MP + 2MP | 8MP Front Camera5000 mAh BatteryNo Warranty,4.2
"REDMI Note 13 5G (Arctic White, 128 GB)","₹28,645",6 GB RAM | 128 GB ROM16.94 cm (6.67 inch) Display108MP Rear Camera5000 mAh Battery1 Year Brand Warranty,4.4
"realme GT 6T 5G (Fluid Silver, 128 GB)","₹19,999",8 GB RAM | 128 GB ROM17.22 cm (6.78 inch) Display50MP Rear Camera5500 mAh Battery1 Year,4.5
"Motorola G85 5G (Urban Grey, 256 GB)","₹15,999",12 GB RAM | 256 GB ROM16.94 cm (6.67 inch) Full HD+ Display50MP + 8MP | 32MP Front Camera5000 mAh Battery6s Gen 3 Processor1 Year on Handset and 6 Months on Accessories,4.2
"Tecno POVA 5 Pro 5G (Dark Illusion, 256 GB)","₹12,999",8 GB RAM | 256 GB ROM | Expandable Upto 1 TB17.22 cm (6.78 inch) Full HD+ Display50MP + 0.08MP | 16MP Front Camera5000 mAh BatteryMediaTek Dimensity 6080 ProcessorDomestic Warranty of 12 Months on Phone & 6 Months on Accessories,4.1
"REDMI Note 13 5G (Stealth Black, 256 GB)","₹10,499",12 GB RAM | 256 GB ROM16.94 cm (6.67 inch) Display108MP Rear Camera5000 mAh Battery1 Year Brand Warranty,4.2
